product_id,branch_id,opening_stock,reorder_level,safety_stock,max_stock,current_stock,warehouse_bin,product_name,category,unit_cost,unit_price,criticality_level,lead_time_days,branch_name,region,warehouse_capacity_sqft,stock_value,below_safety_stock
P001,DEL001,196,59,46,340,115928,C15,Hydraulic Pump HP-300,Hydraulic,18950,24500,High,21,Delhi Central,North,45230,2196835600,False
P001,PUN001,198,70,43,349,109389,D16,Hydraulic Pump HP-300,Hydraulic,18950,24500,High,21,Pune Distribution,West,38750,2072921550,False
P001,CHN001,187,62,44,311,99373,A11,Hydraulic Pump HP-300,Hydraulic,18950,24500,High,21,Chennai South Hub,South,41890,1883118350,False
P001,HYD001,226,71,65,417,108772,A10,Hydraulic Pump HP-300,Hydraulic,18950,24500,High,21,Hyderabad Logistics,South,36210,2061229400,False
P001,KOL001,263,94,58,475,103808,F03,Hydraulic Pump HP-300,Hydraulic,18950,24500,High,21,Kolkata East Depot,East,29880,1967161600,False
P001,AHM001,236,77,53,455,106714,C20,Hydraulic Pump HP-300,Hydraulic,18950,24500,High,21,Ahmedabad West Hub,West,34120,2022230300,False
P002,DEL001,166,57,35,261,108628,A06,Engine Oil Filter OF-90,Filters,450,720,Medium,7,Delhi Central,North,45230,48882600,False
P002,PUN001,113,41,27,180,101623,E01,Engine Oil Filter OF-90,Filters,450,720,Medium,7,Pune Distribution,West,38750,45730350,False
P002,CHN001,267,102,76,465,105885,B04,Engine Oil Filter OF-90,Filters,450,720,Medium,7,Chennai South Hub,South,41890,47648250,False
P002,HYD001,219,78,64,383,121013,A02,Engine Oil Filter OF-90,Filters,450,720,Medium,7,Hyderabad Logistics,South,36210,54455850,False
P002,KOL001,288,105,73,511,107584,F18,Engine Oil Filter OF-90,Filters,450,720,Medium,7,Kolkata East Depot,East,29880,48412800,False
P002,AHM001,102,36,27,179,110279,E04,Engine Oil Filter OF-90,Filters,450,720,Medium,7,Ahmedabad West Hub,West,34120,49625550,False
P003,DEL001,113,44,31,190,104884,B07,Air Filter AF-120,Filters,820,1250,Medium,7,Delhi Central,North,45230,86004880,False
P003,PUN001,218,72,44,359,118139,F09,Air Filter AF-120,Filters,820,1250,Medium,7,Pune Distribution,West,38750,96873980,False
P003,CHN001,191,62,39,365,107840,C09,Air Filter AF-120,Filters,820,1250,Medium,7,Chennai South Hub,South,41890,88428800,False
P003,HYD001,272,95,72,422,106658,E12,Air Filter AF-120,Filters,820,1250,Medium,7,Hyderabad Logistics,South,36210,87459560,False
P003,KOL001,234,80,52,386,110093,D02,Air Filter AF-120,Filters,820,1250,Medium,7,Kolkata East Depot,East,29880,90276260,False
P003,AHM001,238,82,48,475,102501,C06,Air Filter AF-120,Filters,820,1250,Medium,7,Ahmedabad West Hub,West,34120,84050820,False
P004,DEL001,172,57,35,267,110145,A14,Track Chain TC-45,Undercarriage,32500,39800,High,30,Delhi Central,North,45230,3579712500,False
P004,PUN001,171,55,37,265,104859,E16,Track Chain TC-45,Undercarriage,32500,39800,High,30,Pune Distribution,West,38750,3407917500,False
P004,CHN001,171,58,41,339,103984,A15,Track Chain TC-45,Undercarriage,32500,39800,High,30,Chennai South Hub,South,41890,3379480000,False
P004,HYD001,193,62,49,363,109943,D18,Track Chain TC-45,Undercarriage,32500,39800,High,30,Hyderabad Logistics,South,36210,3573147500,False
P004,KOL001,115,44,33,187,110042,B06,Track Chain TC-45,Undercarriage,32500,39800,High,30,Kolkata East Depot,East,29880,3576365000,False
P004,AHM001,273,104,77,430,99909,C08,Track Chain TC-45,Undercarriage,32500,39800,High,30,Ahmedabad West Hub,West,34120,3247042500,False
P005,DEL001,242,94,63,463,110862,E03,Fuel Injector FI-220,Engine,6350,8450,High,18,Delhi Central,North,45230,703973700,False
P005,PUN001,262,89,76,436,108488,B10,Fuel Injector FI-220,Engine,6350,8450,High,18,Pune Distribution,West,38750,688898800,False
P005,CHN001,172,68,40,336,114267,E05,Fuel Injector FI-220,Engine,6350,8450,High,18,Chennai South Hub,South,41890,725595450,False
P005,HYD001,178,62,51,341,112865,C13,Fuel Injector FI-220,Engine,6350,8450,High,18,Hyderabad Logistics,South,36210,716692750,False
P005,KOL001,215,83,43,357,104202,B19,Fuel Injector FI-220,Engine,6350,8450,High,18,Kolkata East Depot,East,29880,661682700,False
P005,AHM001,106,37,29,175,108136,B06,Fuel Injector FI-220,Engine,6350,8450,High,18,Ahmedabad West Hub,West,34120,686663600,False
P006,DEL001,131,43,26,234,99358,B09,Alternator ALT-500,Electrical,8650,11200,High,20,Delhi Central,North,45230,859446700,False
P006,PUN001,210,69,43,356,111016,F02,Alternator ALT-500,Electrical,8650,11200,High,20,Pune Distribution,West,38750,960288400,False
P006,CHN001,119,41,31,181,110681,D03,Alternator ALT-500,Electrical,8650,11200,High,20,Chennai South Hub,South,41890,957390650,False
P006,HYD001,275,84,62,472,109564,F19,Alternator ALT-500,Electrical,8650,11200,High,20,Hyderabad Logistics,South,36210,947728600,False
P006,KOL001,105,33,28,181,109176,B13,Alternator ALT-500,Electrical,8650,11200,High,20,Kolkata East Depot,East,29880,944372400,False
P006,AHM001,170,62,43,291,107359,A01,Alternator ALT-500,Electrical,8650,11200,High,20,Ahmedabad West Hub,West,34120,928655350,False
P007,DEL001,205,79,59,383,119439,C04,Hydraulic Hose HH-60,Hydraulic,980,1450,Medium,10,Delhi Central,North,45230,117050220,False
P007,PUN001,231,72,58,459,110464,C08,Hydraulic Hose HH-60,Hydraulic,980,1450,Medium,10,Pune Distribution,West,38750,108254720,False
P007,CHN001,230,77,46,434,108692,E17,Hydraulic Hose HH-60,Hydraulic,980,1450,Medium,10,Chennai South Hub,South,41890,106518160,False
P007,HYD001,298,93,61,548,112543,C16,Hydraulic Hose HH-60,Hydraulic,980,1450,Medium,10,Hyderabad Logistics,South,36210,110292140,False
P007,KOL001,273,93,62,438,99463,C03,Hydraulic Hose HH-60,Hydraulic,980,1450,Medium,10,Kolkata East Depot,East,29880,97473740,False
P007,AHM001,146,50,38,267,106222,C13,Hydraulic Hose HH-60,Hydraulic,980,1450,Medium,10,Ahmedabad West Hub,West,34120,104097560,False
P008,DEL001,298,116,69,572,106667,C16,Bucket Tooth BT-10,Attachments,340,580,Low,12,Delhi Central,North,45230,36266780,False
P008,PUN001,86,33,17,147,99151,D12,Bucket Tooth BT-10,Attachments,340,580,Low,12,Pune Distribution,West,38750,33711340,False
P008,CHN001,265,104,75,477,108381,A08,Bucket Tooth BT-10,Attachments,340,580,Low,12,Chennai South Hub,South,41890,36849540,False
P008,HYD001,270,93,75,467,101753,A08,Bucket Tooth BT-10,Attachments,340,580,Low,12,Hyderabad Logistics,South,36210,34596020,False
P008,KOL001,135,43,30,262,99461,D04,Bucket Tooth BT-10,Attachments,340,580,Low,12,Kolkata East Depot,East,29880,33816740,False
P008,AHM001,259,85,57,430,109281,D10,Bucket Tooth BT-10,Attachments,340,580,Low,12,Ahmedabad West Hub,West,34120,37155540,False
P009,DEL001,147,57,32,261,102816,D10,Starter Motor SM-700,Electrical,11450,14900,High,22,Delhi Central,North,45230,1177243200,False
P009,PUN001,186,56,37,345,111320,F09,Starter Motor SM-700,Electrical,11450,14900,High,22,Pune Distribution,West,38750,1274614000,False
P009,CHN001,226,89,53,387,111456,D11,Starter Motor SM-700,Electrical,11450,14900,High,22,Chennai South Hub,South,41890,1276171200,False
P009,HYD001,282,101,82,436,100071,D03,Starter Motor SM-700,Electrical,11450,14900,High,22,Hyderabad Logistics,South,36210,1145812950,False
P009,KOL001,104,35,25,201,110547,E10,Starter Motor SM-700,Electrical,11450,14900,High,22,Kolkata East Depot,East,29880,1265763150,False
P009,AHM001,183,61,44,333,95731,B15,Starter Motor SM-700,Electrical,11450,14900,High,22,Ahmedabad West Hub,West,34120,1096119950,False
P010,DEL001,133,43,37,220,106895,D11,Turbocharger TB-900,Engine,28900,34900,High,28,Delhi Central,North,45230,3089265500,False
P010,PUN001,159,48,45,267,114565,D20,Turbocharger TB-900,Engine,28900,34900,High,28,Pune Distribution,West,38750,3310928500,False
P010,CHN001,120,44,29,191,113425,B09,Turbocharger TB-900,Engine,28900,34900,High,28,Chennai South Hub,South,41890,3277982500,False
P010,HYD001,171,62,46,307,110225,F12,Turbocharger TB-900,Engine,28900,34900,High,28,Hyderabad Logistics,South,36210,3185502500,False
P010,KOL001,179,61,46,294,100989,A13,Turbocharger TB-900,Engine,28900,34900,High,28,Kolkata East Depot,East,29880,2918582100,False
P010,AHM001,128,43,27,245,115149,C09,Turbocharger TB-900,Engine,28900,34900,High,28,Ahmedabad West Hub,West,34120,3327806100,False
P011,DEL001,243,85,64,369,112300,B01,Hydraulic Cylinder HC-200,Hydraulic,21500,27600,High,24,Delhi Central,North,45230,2414450000,False
P011,PUN001,86,31,20,138,108691,F06,Hydraulic Cylinder HC-200,Hydraulic,21500,27600,High,24,Pune Distribution,West,38750,2336856500,False
P011,CHN001,155,50,32,233,110667,E15,Hydraulic Cylinder HC-200,Hydraulic,21500,27600,High,24,Chennai South Hub,South,41890,2379340500,False
P011,HYD001,148,46,41,244,107771,B01,Hydraulic Cylinder HC-200,Hydraulic,21500,27600,High,24,Hyderabad Logistics,South,36210,2317076500,False
P011,KOL001,300,113,68,582,109669,B08,Hydraulic Cylinder HC-200,Hydraulic,21500,27600,High,24,Kolkata East Depot,East,29880,2357883500,False
P011,AHM001,211,66,50,410,101291,D13,Hydraulic Cylinder HC-200,Hydraulic,21500,27600,High,24,Ahmedabad West Hub,West,34120,2177756500,False
P012,DEL001,257,98,67,489,119923,D13,Brake Pad BP-40,Brakes,1800,2450,Medium,10,Delhi Central,North,45230,215861400,False
P012,PUN001,177,68,52,308,112603,B05,Brake Pad BP-40,Brakes,1800,2450,Medium,10,Pune Distribution,West,38750,202685400,False
P012,CHN001,155,54,32,274,107886,A16,Brake Pad BP-40,Brakes,1800,2450,Medium,10,Chennai South Hub,South,41890,194194800,False
P012,HYD001,128,42,28,241,106209,F04,Brake Pad BP-40,Brakes,1800,2450,Medium,10,Hyderabad Logistics,South,36210,191176200,False
P012,KOL001,188,67,51,368,109625,F17,Brake Pad BP-40,Brakes,1800,2450,Medium,10,Kolkata East Depot,East,29880,197325000,False
P012,AHM001,103,32,24,156,106861,F11,Brake Pad BP-40,Brakes,1800,2450,Medium,10,Ahmedabad West Hub,West,34120,192349800,False
P013,DEL001,126,48,27,249,108520,E18,Seal Kit SK-15,Seals,950,1450,Medium,9,Delhi Central,North,45230,103094000,False
P013,PUN001,80,25,16,133,104221,F04,Seal Kit SK-15,Seals,950,1450,Medium,9,Pune Distribution,West,38750,99009950,False
P013,CHN001,156,56,45,307,106476,D08,Seal Kit SK-15,Seals,950,1450,Medium,9,Chennai South Hub,South,41890,101152200,False
P013,HYD001,233,86,52,412,111295,D06,Seal Kit SK-15,Seals,950,1450,Medium,9,Hyderabad Logistics,South,36210,105730250,False
P013,KOL001,129,44,26,233,105381,F03,Seal Kit SK-15,Seals,950,1450,Medium,9,Kolkata East Depot,East,29880,100111950,False
P013,AHM001,84,25,22,150,98687,E04,Seal Kit SK-15,Seals,950,1450,Medium,9,Ahmedabad West Hub,West,34120,93752650,False
P014,DEL001,203,72,44,384,111321,B15,Transmission Assembly TA-800,Transmission,68500,83500,High,35,Delhi Central,North,45230,7625488500,False
P014,PUN001,87,33,20,164,113386,E17,Transmission Assembly TA-800,Transmission,68500,83500,High,35,Pune Distribution,West,38750,7766941000,False
P014,CHN001,157,60,40,303,114302,F14,Transmission Assembly TA-800,Transmission,68500,83500,High,35,Chennai South Hub,South,41890,7829687000,False
P014,HYD001,200,71,50,377,111315,C17,Transmission Assembly TA-800,Transmission,68500,83500,High,35,Hyderabad Logistics,South,36210,7625077500,False
P014,KOL001,268,106,60,519,105994,D06,Transmission Assembly TA-800,Transmission,68500,83500,High,35,Kolkata East Depot,East,29880,7260589000,False
P014,AHM001,108,32,27,171,105345,E07,Transmission Assembly TA-800,Transmission,68500,83500,High,35,Ahmedabad West Hub,West,34120,7216132500,False
P015,DEL001,223,75,60,387,100967,E12,Engine Block EB-600,Engine,95500,119000,High,40,Delhi Central,North,45230,9642348500,False
P015,PUN001,134,43,34,210,106048,A13,Engine Block EB-600,Engine,95500,119000,High,40,Pune Distribution,West,38750,10127584000,False
P015,CHN001,239,91,57,370,113851,C20,Engine Block EB-600,Engine,95500,119000,High,40,Chennai South Hub,South,41890,10872770500,False
P015,HYD001,149,56,43,226,110035,A16,Engine Block EB-600,Engine,95500,119000,High,40,Hyderabad Logistics,South,36210,10508342500,False
P015,KOL001,292,116,81,508,96547,B18,Engine Block EB-600,Engine,95500,119000,High,40,Kolkata East Depot,East,29880,9220238500,False
P015,AHM001,85,28,24,131,105135,A13,Engine Block EB-600,Engine,95500,119000,High,40,Ahmedabad West Hub,West,34120,10040392500,False
P016,DEL001,242,84,66,434,104189,A02,Radiator RD-250,Cooling,7800,10200,Medium,16,Delhi Central,North,45230,812674200,False
P016,PUN001,217,74,47,371,103006,A07,Radiator RD-250,Cooling,7800,10200,Medium,16,Pune Distribution,West,38750,803446800,False
P016,CHN001,180,71,45,309,112003,C19,Radiator RD-250,Cooling,7800,10200,Medium,16,Chennai South Hub,South,41890,873623400,False
P016,HYD001,103,35,24,177,106040,A01,Radiator RD-250,Cooling,7800,10200,Medium,16,Hyderabad Logistics,South,36210,827112000,False
P016,KOL001,148,49,32,277,97829,D04,Radiator RD-250,Cooling,7800,10200,Medium,16,Kolkata East Depot,East,29880,763066200,False
P016,AHM001,95,33,25,164,110893,D04,Radiator RD-250,Cooling,7800,10200,Medium,16,Ahmedabad West Hub,West,34120,864965400,False
P017,DEL001,243,93,72,479,112971,B15,Fan Belt FB-30,Belts,320,520,Medium,5,Delhi Central,North,45230,36150720,False
P017,PUN001,206,63,56,331,104847,F06,Fan Belt FB-30,Belts,320,520,Medium,5,Pune Distribution,West,38750,33551040,False
P017,CHN001,178,59,45,300,106266,C15,Fan Belt FB-30,Belts,320,520,Medium,5,Chennai South Hub,South,41890,34005120,False
P017,HYD001,88,26,23,172,117058,F05,Fan Belt FB-30,Belts,320,520,Medium,5,Hyderabad Logistics,South,36210,37458560,False
P017,KOL001,208,72,56,344,108003,B06,Fan Belt FB-30,Belts,320,520,Medium,5,Kolkata East Depot,East,29880,34560960,False
P017,AHM001,276,99,82,542,109921,E01,Fan Belt FB-30,Belts,320,520,Medium,5,Ahmedabad West Hub,West,34120,35174720,False
P018,DEL001,282,106,74,508,114627,D12,Wheel Rim WR-24,Undercarriage,8200,11300,High,20,Delhi Central,North,45230,939941400,False
P018,PUN001,155,55,41,293,111530,A10,Wheel Rim WR-24,Undercarriage,8200,11300,High,20,Pune Distribution,West,38750,914546000,False
P018,CHN001,283,98,74,564,113318,A15,Wheel Rim WR-24,Undercarriage,8200,11300,High,20,Chennai South Hub,South,41890,929207600,False
P018,HYD001,210,78,58,322,112953,E13,Wheel Rim WR-24,Undercarriage,8200,11300,High,20,Hyderabad Logistics,South,36210,926214600,False
P018,KOL001,161,59,42,284,96607,B03,Wheel Rim WR-24,Undercarriage,8200,11300,High,20,Kolkata East Depot,East,29880,792177400,False
P018,AHM001,262,89,64,438,101420,F08,Wheel Rim WR-24,Undercarriage,8200,11300,High,20,Ahmedabad West Hub,West,34120,831644000,False
P019,DEL001,125,37,27,208,118200,D07,Swing Motor SWM-350,Hydraulic,31200,39800,High,24,Delhi Central,North,45230,3687840000,False
P019,PUN001,116,36,27,207,109388,C04,Swing Motor SWM-350,Hydraulic,31200,39800,High,24,Pune Distribution,West,38750,3412905600,False
P019,CHN001,287,86,66,566,100413,D20,Swing Motor SWM-350,Hydraulic,31200,39800,High,24,Chennai South Hub,South,41890,3132885600,False
P019,HYD001,209,81,49,350,100008,D17,Swing Motor SWM-350,Hydraulic,31200,39800,High,24,Hyderabad Logistics,South,36210,3120249600,False
P019,KOL001,92,30,22,141,88853,E11,Swing Motor SWM-350,Hydraulic,31200,39800,High,24,Kolkata East Depot,East,29880,2772213600,False
P019,AHM001,217,85,46,378,105387,A03,Swing Motor SWM-350,Hydraulic,31200,39800,High,24,Ahmedabad West Hub,West,34120,3288074400,False
P020,DEL001,91,31,24,140,104360,A07,Pivot Pin PP-12,Pins & Bushes,750,1150,Medium,8,Delhi Central,North,45230,78270000,False
P020,PUN001,80,24,16,140,102734,E12,Pivot Pin PP-12,Pins & Bushes,750,1150,Medium,8,Pune Distribution,West,38750,77050500,False
P020,CHN001,300,105,84,454,113260,F01,Pivot Pin PP-12,Pins & Bushes,750,1150,Medium,8,Chennai South Hub,South,41890,84945000,False
P020,HYD001,161,64,46,273,102636,A15,Pivot Pin PP-12,Pins & Bushes,750,1150,Medium,8,Hyderabad Logistics,South,36210,76977000,False
P020,KOL001,182,61,53,355,99570,D07,Pivot Pin PP-12,Pins & Bushes,750,1150,Medium,8,Kolkata East Depot,East,29880,74677500,False
P020,AHM001,142,54,28,270,102706,F16,Pivot Pin PP-12,Pins & Bushes,750,1150,Medium,8,Ahmedabad West Hub,West,34120,77029500,False
P021,DEL001,152,59,40,257,115902,F08,Boom Cylinder BC-400,Hydraulic,35600,46200,High,26,Delhi Central,North,45230,4126111200,False
P021,PUN001,159,59,32,287,105385,C11,Boom Cylinder BC-400,Hydraulic,35600,46200,High,26,Pune Distribution,West,38750,3751706000,False
P021,CHN001,189,71,40,319,100867,C11,Boom Cylinder BC-400,Hydraulic,35600,46200,High,26,Chennai South Hub,South,41890,3590865200,False
P021,HYD001,153,56,36,263,99466,F08,Boom Cylinder BC-400,Hydraulic,35600,46200,High,26,Hyderabad Logistics,South,36210,3540989600,False
P021,KOL001,280,102,69,485,100829,C14,Boom Cylinder BC-400,Hydraulic,35600,46200,High,26,Kolkata East Depot,East,29880,3589512400,False
P021,AHM001,293,110,60,554,108168,E10,Boom Cylinder BC-400,Hydraulic,35600,46200,High,26,Ahmedabad West Hub,West,34120,3850780800,False
P022,DEL001,187,68,41,315,110752,E20,Control Valve CV-75,Hydraulic,12800,16900,High,18,Delhi Central,North,45230,1417625600,False
P022,PUN001,299,119,60,487,111353,B16,Control Valve CV-75,Hydraulic,12800,16900,High,18,Pune Distribution,West,38750,1425318400,False
P022,CHN001,138,44,31,227,109061,A02,Control Valve CV-75,Hydraulic,12800,16900,High,18,Chennai South Hub,South,41890,1395980800,False
P022,HYD001,140,46,33,226,112997,F19,Control Valve CV-75,Hydraulic,12800,16900,High,18,Hyderabad Logistics,South,36210,1446361600,False
P022,KOL001,265,105,65,513,99690,A01,Control Valve CV-75,Hydraulic,12800,16900,High,18,Kolkata East Depot,East,29880,1276032000,False
P022,AHM001,156,54,37,254,103495,E03,Control Valve CV-75,Hydraulic,12800,16900,High,18,Ahmedabad West Hub,West,34120,1324736000,False
P023,DEL001,186,73,49,313,113718,B18,Idler Wheel IW-55,Undercarriage,9200,12950,High,20,Delhi Central,North,45230,1046205600,False
P023,PUN001,115,40,26,198,108328,A10,Idler Wheel IW-55,Undercarriage,9200,12950,High,20,Pune Distribution,West,38750,996617600,False
P023,CHN001,149,53,40,231,107267,B12,Idler Wheel IW-55,Undercarriage,9200,12950,High,20,Chennai South Hub,South,41890,986856400,False
P023,HYD001,82,31,16,134,105798,C14,Idler Wheel IW-55,Undercarriage,9200,12950,High,20,Hyderabad Logistics,South,36210,973341600,False
P023,KOL001,141,49,30,273,111851,D12,Idler Wheel IW-55,Undercarriage,9200,12950,High,20,Kolkata East Depot,East,29880,1029029200,False
P023,AHM001,238,90,50,434,114558,B10,Idler Wheel IW-55,Undercarriage,9200,12950,High,20,Ahmedabad West Hub,West,34120,1053933600,False
P024,DEL001,280,99,56,469,116412,A17,Track Roller TR-60,Undercarriage,7400,10300,High,22,Delhi Central,North,45230,861448800,False
P024,PUN001,128,41,31,232,110555,C02,Track Roller TR-60,Undercarriage,7400,10300,High,22,Pune Distribution,West,38750,818107000,False
P024,CHN001,119,44,27,204,107215,D14,Track Roller TR-60,Undercarriage,7400,10300,High,22,Chennai South Hub,South,41890,793391000,False
P024,HYD001,273,86,66,415,101998,A14,Track Roller TR-60,Undercarriage,7400,10300,High,22,Hyderabad Logistics,South,36210,754785200,False
P024,KOL001,155,58,38,242,112198,B18,Track Roller TR-60,Undercarriage,7400,10300,High,22,Kolkata East Depot,East,29880,830265200,False
P024,AHM001,268,104,58,425,107810,C07,Track Roller TR-60,Undercarriage,7400,10300,High,22,Ahmedabad West Hub,West,34120,797794000,False
P025,DEL001,180,54,49,310,109936,F11,Cabin Glass CG-20,Cabin,5600,7850,Medium,14,Delhi Central,North,45230,615641600,False
P025,PUN001,191,68,45,300,110083,A15,Cabin Glass CG-20,Cabin,5600,7850,Medium,14,Pune Distribution,West,38750,616464800,False
P025,CHN001,300,112,85,564,110058,B12,Cabin Glass CG-20,Cabin,5600,7850,Medium,14,Chennai South Hub,South,41890,616324800,False
P025,HYD001,83,26,21,133,113613,B16,Cabin Glass CG-20,Cabin,5600,7850,Medium,14,Hyderabad Logistics,South,36210,636232800,False
P025,KOL001,290,113,84,499,110579,C08,Cabin Glass CG-20,Cabin,5600,7850,Medium,14,Kolkata East Depot,East,29880,619242400,False
P025,AHM001,165,64,44,328,97512,F08,Cabin Glass CG-20,Cabin,5600,7850,Medium,14,Ahmedabad West Hub,West,34120,546067200,False
P026,DEL001,96,28,22,186,103678,C13,Grease Cartridge GC-5,Lubricants,180,310,Low,4,Delhi Central,North,45230,18662040,False
P026,PUN001,112,36,33,189,105190,B09,Grease Cartridge GC-5,Lubricants,180,310,Low,4,Pune Distribution,West,38750,18934200,False
P026,CHN001,113,36,33,181,108895,A03,Grease Cartridge GC-5,Lubricants,180,310,Low,4,Chennai South Hub,South,41890,19601100,False
P026,HYD001,203,75,54,314,108348,E17,Grease Cartridge GC-5,Lubricants,180,310,Low,4,Hyderabad Logistics,South,36210,19502640,False
P026,KOL001,240,74,59,445,101412,A06,Grease Cartridge GC-5,Lubricants,180,310,Low,4,Kolkata East Depot,East,29880,18254160,False
P026,AHM001,263,89,65,445,103793,E03,Grease Cartridge GC-5,Lubricants,180,310,Low,4,Ahmedabad West Hub,West,34120,18682740,False
P027,DEL001,98,31,26,193,106775,C04,O-Ring Set OR-50,Seals,260,480,Low,5,Delhi Central,North,45230,27761500,False
P027,PUN001,214,70,58,376,112683,C02,O-Ring Set OR-50,Seals,260,480,Low,5,Pune Distribution,West,38750,29297580,False
P027,CHN001,84,33,19,133,97973,F12,O-Ring Set OR-50,Seals,260,480,Low,5,Chennai South Hub,South,41890,25472980,False
P027,HYD001,123,46,29,211,104746,B02,O-Ring Set OR-50,Seals,260,480,Low,5,Hyderabad Logistics,South,36210,27233960,False
P027,KOL001,210,79,54,385,100477,F20,O-Ring Set OR-50,Seals,260,480,Low,5,Kolkata East Depot,East,29880,26124020,False
P027,AHM001,151,51,33,294,108337,F10,O-Ring Set OR-50,Seals,260,480,Low,5,Ahmedabad West Hub,West,34120,28167620,False
P028,DEL001,207,81,58,353,106744,C01,Light Assembly LA-18,Electrical,1450,2250,Medium,9,Delhi Central,North,45230,154778800,False
P028,PUN001,279,100,56,522,105401,B17,Light Assembly LA-18,Electrical,1450,2250,Medium,9,Pune Distribution,West,38750,152831450,False
P028,CHN001,120,43,29,198,103464,E04,Light Assembly LA-18,Electrical,1450,2250,Medium,9,Chennai South Hub,South,41890,150022800,False
P028,HYD001,129,47,37,199,102248,E08,Light Assembly LA-18,Electrical,1450,2250,Medium,9,Hyderabad Logistics,South,36210,148259600,False
P028,KOL001,254,76,75,437,104851,B09,Light Assembly LA-18,Electrical,1450,2250,Medium,9,Kolkata East Depot,East,29880,152033950,False
P028,AHM001,212,78,57,368,101538,F04,Light Assembly LA-18,Electrical,1450,2250,Medium,9,Ahmedabad West Hub,West,34120,147230100,False
P029,DEL001,98,33,27,174,108622,E17,Pressure Sensor PS-90,Sensors,2750,3950,Medium,8,Delhi Central,North,45230,298710500,False
P029,PUN001,115,40,28,225,109429,C10,Pressure Sensor PS-90,Sensors,2750,3950,Medium,8,Pune Distribution,West,38750,300929750,False
P029,CHN001,97,33,27,173,101572,F11,Pressure Sensor PS-90,Sensors,2750,3950,Medium,8,Chennai South Hub,South,41890,279323000,False
P029,HYD001,192,76,55,324,112739,F08,Pressure Sensor PS-90,Sensors,2750,3950,Medium,8,Hyderabad Logistics,South,36210,310032250,False
P029,KOL001,150,57,40,299,105010,F06,Pressure Sensor PS-90,Sensors,2750,3950,Medium,8,Kolkata East Depot,East,29880,288777500,False
P029,AHM001,140,49,40,267,97606,D10,Pressure Sensor PS-90,Sensors,2750,3950,Medium,8,Ahmedabad West Hub,West,34120,268416500,False
P030,DEL001,184,64,53,336,103131,E17,Fuel Pump FP-350,Engine,16400,21900,High,18,Delhi Central,North,45230,1691348400,False
P030,PUN001,147,52,35,283,112388,A05,Fuel Pump FP-350,Engine,16400,21900,High,18,Pune Distribution,West,38750,1843163200,False
P030,CHN001,125,46,28,246,105447,F19,Fuel Pump FP-350,Engine,16400,21900,High,18,Chennai South Hub,South,41890,1729330800,False
P030,HYD001,162,53,40,268,104611,D14,Fuel Pump FP-350,Engine,16400,21900,High,18,Hyderabad Logistics,South,36210,1715620400,False
P030,KOL001,199,73,43,365,103465,C10,Fuel Pump FP-350,Engine,16400,21900,High,18,Kolkata East Depot,East,29880,1696826000,False
P030,AHM001,134,46,40,231,103248,D06,Fuel Pump FP-350,Engine,16400,21900,High,18,Ahmedabad West Hub,West,34120,1693267200,False
