units_sold_12m,avg_stock_on_hand,turnover_ratio,product_id,product_name,category
7463,107330.66666666667,0.07,P001,Hydraulic Pump HP-300,Hydraulic
8122,109168.66666666667,0.07,P002,Engine Oil Filter OF-90,Filters
7487,108352.5,0.07,P003,Air Filter AF-120,Filters
7650,106480.33333333333,0.07,P004,Track Chain TC-45,Undercarriage
6980,109803.33333333333,0.06,P005,Fuel Injector FI-220,Engine
7974,107859.0,0.07,P006,Alternator ALT-500,Electrical
7473,109470.5,0.07,P007,Hydraulic Hose HH-60,Hydraulic
7778,104115.66666666667,0.07,P008,Bucket Tooth BT-10,Attachments
7091,105323.5,0.07,P009,Starter Motor SM-700,Electrical
7322,110208.0,0.07,P010,Turbocharger TB-900,Engine
7956,108398.16666666667,0.07,P011,Hydraulic Cylinder HC-200,Hydraulic
7070,110517.83333333333,0.06,P012,Brake Pad BP-40,Brakes
7334,105763.33333333333,0.07,P013,Seal Kit SK-15,Seals
7709,110277.16666666667,0.07,P014,Transmission Assembly TA-800,Transmission
7095,105430.5,0.07,P015,Engine Block EB-600,Engine
7751,105660.0,0.07,P016,Radiator RD-250,Cooling
7664,109844.33333333333,0.07,P017,Fan Belt FB-30,Belts
7073,108409.16666666667,0.07,P018,Wheel Rim WR-24,Undercarriage
7032,103708.16666666667,0.07,P019,Swing Motor SWM-350,Hydraulic
7270,104211.0,0.07,P020,Pivot Pin PP-12,Pins & Bushes
7785,105102.83333333333,0.07,P021,Boom Cylinder BC-400,Hydraulic
7316,107891.33333333333,0.07,P022,Control Valve CV-75,Hydraulic
7142,110253.33333333333,0.06,P023,Idler Wheel IW-55,Undercarriage
7546,109364.66666666667,0.07,P024,Track Roller TR-60,Undercarriage
7277,108630.16666666667,0.07,P025,Cabin Glass CG-20,Cabin
7244,105219.33333333333,0.07,P026,Grease Cartridge GC-5,Lubricants
7841,105165.16666666667,0.07,P027,O-Ring Set OR-50,Seals
7152,104041.0,0.07,P028,Light Assembly LA-18,Electrical
8158,105829.66666666667,0.08,P029,Pressure Sensor PS-90,Sensors
8133,105381.66666666667,0.08,P030,Fuel Pump FP-350,Engine
